video_id,url,published,age_days,mature_7d,title,duration_s,duration_bucket,views,likes,comments,title_chars,title_words,caps_share,question,payoff_named,withholding,likes_per_1k_views
X4z6W4QMhqM,https://www.youtube.com/shorts/X4z6W4QMhqM,2026-08-19,0,False,that car was playing bowling...,9,0-9s,1524,25,,31,5,0.0,False,False,True,16.404
8kqN6zvDA_4,https://www.youtube.com/shorts/8kqN6zvDA_4,2026-08-19,0,False,beautiful save,19,15-19s,976,20,,14,2,0.0,False,True,False,20.492
gQzLniyHnkA,https://www.youtube.com/shorts/gQzLniyHnkA,2026-08-13,6,False,well that went wrong... #caseoh #funny #gaming #twitch,13,10-14s,12116,52,,23,4,0.0,False,True,True,4.292
534h9Uhcen4,https://www.youtube.com/shorts/534h9Uhcen4,2026-08-12,7,True,Caseoh reacts to a CRAZY biSON clip! #caseoh,10,10-14s,2072,23,1,36,7,0.1429,False,False,True,11.1
52vmx3ninUE,https://www.youtube.com/shorts/52vmx3ninUE,2026-08-04,15,True,Caseoh loses his patience again..  #caseoh #twitch,30,30-60s,1377,14,2,33,5,0.0,False,True,False,10.167
uK_DVlpqnLo,https://www.youtube.com/shorts/uK_DVlpqnLo,2026-07-31,19,True,Caseoh and Dashe getting mad at a guy over sm shorts..  #funny #caseoh #twitch,11,10-14s,8438,48,6,54,11,0.0,False,False,False,5.689
Ud4uPAvEc6Y,https://www.youtube.com/shorts/Ud4uPAvEc6Y,2026-07-29,21,True,Caseoh dating advice gone wrong!,12,10-14s,4622,48,1,32,5,0.0,False,True,False,10.385
PNnEQPuAZAA,https://www.youtube.com/shorts/PNnEQPuAZAA,2026-07-29,21,True,Why is caseoh so random.,8,0-9s,31884,128,7,24,5,0.0,False,False,False,4.015
1arbpoCzfzw,https://www.youtube.com/shorts/1arbpoCzfzw,2026-07-27,23,True,He got em all wrong.. CASEOH QUIZ TIME?!  #funny #caseoh,21,20-29s,2100,17,31,40,8,0.375,True,True,False,8.095
Rso3jTwB-T0,https://www.youtube.com/shorts/Rso3jTwB-T0,2026-07-26,24,True,DO NOT SCAN THIS QR CODE in this game! #funny #twitch #maj0r,23,20-29s,914,10,2,38,9,0.6667,False,False,True,10.941
IaICt9Yl1x0,https://www.youtube.com/shorts/IaICt9Yl1x0,2026-07-25,25,True,Caseoh SHOOTS his customers and HUNTS DOWN NORBERT  #caseoh #funny,16,15-19s,20174,157,7,50,8,0.5,False,True,False,7.782
jIT4JsrSBuA,https://www.youtube.com/shorts/jIT4JsrSBuA,2026-07-24,26,True,CASEOH gets his IMAGES LEAKED!  #caseoh #funny,20,20-29s,637,9,1,30,5,0.6,False,True,False,14.129
VDR4Lr0cKok,https://www.youtube.com/shorts/VDR4Lr0cKok,2026-07-24,26,True,Caseoh GUESSES THE CRAZIEST WORD in Wordle!  #caseoh #wordle #funnymoments,17,15-19s,1047,15,,43,7,0.5714,False,False,False,14.327
NkhRt3s2zIs,https://www.youtube.com/shorts/NkhRt3s2zIs,2026-07-24,26,True,Caseoh FACES KIDS in SPARTA!  #caseoh #funny,16,15-19s,6005,29,3,28,5,0.6,False,False,False,4.829
Gg0sux6wTX8,https://www.youtube.com/shorts/Gg0sux6wTX8,2026-07-24,26,True,I tried saving him...  #caseoh #funny,16,15-19s,1036,12,,21,4,0.0,False,False,False,11.583
PSsfqaMBrwc,https://www.youtube.com/shorts/PSsfqaMBrwc,2026-07-23,27,True,Caseoh gets HACKED LIVE ON STREAM! #caseoh #funny #helpmemakethismakesense #twitch,25,20-29s,892,7,,34,6,0.6667,False,True,False,7.848
2vD7BzFJ5oo,https://www.youtube.com/shorts/2vD7BzFJ5oo,2026-07-23,27,True,Caseoh crashes out about sweet food!  #caseoh #twitch #funny,28,20-29s,972,8,1,36,6,0.0,False,True,False,8.23
nTTMxcWNWnQ,https://www.youtube.com/shorts/nTTMxcWNWnQ,2026-07-21,29,True,CASEOH SNAPS AT A HIGHSCHOOLER PILOT!  #caseoh #funny,28,20-29s,971,10,1,37,6,0.8333,False,True,False,10.299
jgKtKs0RkQ4,https://www.youtube.com/shorts/jgKtKs0RkQ4,2026-07-21,29,True,LISTEN CLOSE! Caseoh's noises made it into a game...  #caseoh #funny,31,30-60s,676,10,2,52,10,0.2,False,False,False,14.793
0j6u0cPepKA,https://www.youtube.com/shorts/0j6u0cPepKA,2026-07-17,33,True,JYNXZI FINDS ABOUT STREAMSNIPERS IN CLASH ROYALE! #jynxzi #clashroyale #controversyvideo,29,20-29s,670,14,9,49,7,1.0,False,False,False,20.896
mGY0wwPP_Uo,https://www.youtube.com/shorts/mGY0wwPP_Uo,2026-07-16,34,True,Caseoh gets HUMANGOUS in slitherio!  #caseoh #funny,25,20-29s,750,11,7,35,5,0.2,False,False,False,14.667
iDjP4uh7tVQ,https://www.youtube.com/shorts/iDjP4uh7tVQ,2026-07-16,34,True,Caseoh gets JUMPSCARED BADLY! #caseoh #horror #funny y,31,30-60s,705,12,1,34,5,0.4,False,True,False,17.021
LMG4c7qNxd8,https://www.youtube.com/shorts/LMG4c7qNxd8,2026-07-14,36,True,CASEOH EATS HIS ENEMIES! and fails miserably #caseoh #slitherio #funnyclips,23,20-29s,1381,10,3,44,7,0.5714,False,True,False,7.241
oPetR3_cJ7k,https://www.youtube.com/shorts/oPetR3_cJ7k,2026-07-12,38,True,CASEOH catches A CRAZIEST spot in MECCACHAMELEON!  #caseoh  #funny,19,15-19s,3213,13,2,49,7,0.4286,False,True,False,4.046
gbqiAJTS230,https://www.youtube.com/shorts/gbqiAJTS230,2026-07-10,40,True,Jynxzi catches CORRUPT cops in Gta 5 RP! #shorts #jynxzi,28,20-29s,8607,93,8,40,8,0.2857,False,True,False,10.805
d6CfqtS9peM,https://www.youtube.com/shorts/d6CfqtS9peM,2026-07-10,40,True,wait for the screaming...  #caseoh,23,20-29s,2118,21,,25,4,0.0,False,False,True,9.915
_Kpi684q3TU,https://www.youtube.com/shorts/_Kpi684q3TU,2026-07-10,40,True,JYNXZI is flabbergasted by the worst hiding spot in the game! #jynxzi #mecchachameleon,18,15-19s,11,1,,61,11,0.0909,False,False,False,90.909
5s16izYRdT4,https://www.youtube.com/shorts/5s16izYRdT4,2026-07-10,40,True,Caseoh GETS CRAZY on a REAL LIFE MONSTER  #caseoh #funny,22,20-29s,16,1,,40,8,0.625,False,False,True,62.5
DIgyJaWINSA,https://www.youtube.com/shorts/DIgyJaWINSA,2026-07-09,41,True,I finally became a doctor!  #caseoh #funny,28,20-29s,980,27,1,26,5,0.0,False,True,False,27.551
zJ4Mpy7qNGQ,https://www.youtube.com/shorts/zJ4Mpy7qNGQ,2026-07-08,42,True,CaseOh summons a tornado with his weight!  #caseoh #funny,13,10-14s,1124,25,1,41,7,0.0,False,False,False,22.242
qTEHYknx4h0,https://www.youtube.com/shorts/qTEHYknx4h0,2026-07-08,42,True,Caseoh panicked so hard he caused a tornado  #caseoh #funny,19,15-19s,3882,36,4,43,8,0.0,False,True,False,9.274
vyQe0p5lMnE,https://www.youtube.com/shorts/vyQe0p5lMnE,2026-07-06,44,True,JYNXZI scores a POWER SHOT in Rocket League!  #funny#jynxzi  #rocketleague,21,20-29s,44,2,1,44,8,0.375,False,True,False,45.455
HV6DsS3IEss,https://www.youtube.com/shorts/HV6DsS3IEss,2026-07-06,44,True,JYNXZI is 2 WINS AWAY from DIAMOND IN ROCKET LEAGUE  #funny#jynxzi,16,15-19s,11808,35,2,51,10,0.7778,False,True,False,2.964
gDIdmjQt2Xs,https://www.youtube.com/shorts/gDIdmjQt2Xs,2026-07-05,45,True,Jynxzi predicts that MESSI will win the WORLD CUP!!! #Jynxzi #worldcup,28,20-29s,1265,10,,52,9,0.3333,False,True,True,7.905
aXwe9JaqZ44,https://www.youtube.com/shorts/aXwe9JaqZ44,2026-07-05,45,True,JYNXZI AMAZING GOAL IN ROCKETLEAGUE #jynxzi #rocketleague #funnymoments,14,10-14s,21245,98,10,35,5,1.0,False,True,False,4.613
_C3rZX17RGU,https://www.youtube.com/shorts/_C3rZX17RGU,2026-07-04,46,True,Caseoh asked the devs WHAT?????? #caseoh #caseohfunnymoments #shorts,23,20-29s,4519,51,2,32,5,0.2,True,False,True,11.286
YzrnLuM5Xtc,https://www.youtube.com/shorts/YzrnLuM5Xtc,2026-07-04,46,True,CASEOH YELLS at his Teammate in Meccha Chameleon! #funny #caseoh #caseohfunnymoments,17,15-19s,2853,36,1,49,8,0.25,False,False,False,12.618
V7dkxeNg92c,https://www.youtube.com/shorts/V7dkxeNg92c,2026-07-04,46,True,CaseOh gets STEAMY in SlitherIo  #funny #caseoh #gaming,17,15-19s,4946,11,,31,5,0.2,False,False,False,2.224
lfPRKWWG3UM,https://www.youtube.com/shorts/lfPRKWWG3UM,2026-07-03,47,True,Caseoh can't believe this hiding spot worked in Meccha Chameleon  #caseoh #funny,18,15-19s,3984,42,4,64,11,0.0,False,False,True,10.542
NeQcwJpXDpo,https://www.youtube.com/shorts/NeQcwJpXDpo,2026-06-05,75,True,Which one of these CaseOh clips is your fav?  #caseoh,52,30-60s,3657,,3,44,9,0.0,True,False,False,
QJZmsoiZa3w,https://www.youtube.com/shorts/QJZmsoiZa3w,2026-06-03,77,True,CaseOh gets a YODELLING PICKLE!!!!!  #caseoh #funny,16,15-19s,1267,22,3,35,5,0.4,False,False,False,17.364
AujBy8TPfbM,https://www.youtube.com/shorts/AujBy8TPfbM,2026-06-03,77,True,Caseoh tries the spiciest sauce on his newest Stream! #caseoh #funnymoments  #memes,41,30-60s,1307,39,2,53,9,0.0,False,False,False,29.839
Kh6mrqaJ7N0,https://www.youtube.com/shorts/Kh6mrqaJ7N0,2026-06-02,78,True,CaseOh BOUNCES on a ANGRY FAN!!!,14,10-14s,1972,16,1,32,6,0.5,False,False,False,8.114
rWk5nSyrqnU,https://www.youtube.com/shorts/rWk5nSyrqnU,2026-06-01,79,True,CaseOh reacts to Jynxzi loosing in Minecraft Hardcore..,6,0-9s,11265,93,8,55,8,0.0,False,False,True,8.256
YcMjN2M8j7Y,https://www.youtube.com/shorts/YcMjN2M8j7Y,2026-05-29,82,True,CaseOh had the wildest crashout at Ted....,31,30-60s,4137,43,3,42,7,0.0,False,False,False,10.394
0nqd4XCSWpY,https://www.youtube.com/shorts/0nqd4XCSWpY,2026-05-29,82,True,Which Caseoh moment was your favorite? #caseoh #rank,31,30-60s,2315,36,6,38,6,0.0,True,False,False,15.551
1LaF3FkiS4o,https://www.youtube.com/shorts/1LaF3FkiS4o,2026-05-28,83,True,CaseOh SNAPS at a KID in Roblox!!!!!,8,0-9s,28091,59,9,36,7,0.2857,False,True,False,2.1
p8UrIsqUI9g,https://www.youtube.com/shorts/p8UrIsqUI9g,2026-05-27,84,True,CaseOh hits a crazy Combo in Tennis Rivals,13,10-14s,2485,39,13,42,8,0.0,False,False,True,15.694
lMIyaDSXGRw,https://www.youtube.com/shorts/lMIyaDSXGRw,2026-05-27,84,True,CaseOh Choosing a new skin in roblox,10,10-14s,3529,17,4,36,7,0.0,False,False,False,4.817
cBo-VMEIPeY,https://www.youtube.com/shorts/cBo-VMEIPeY,2026-05-27,84,True,CaseOh has the best customer 😊 #caseoh #gaming #shorts #funny,12,10-14s,2827,34,2,30,5,0.0,False,False,False,12.027
vBRxkRRP6DU,https://www.youtube.com/shorts/vBRxkRRP6DU,2026-05-26,85,True,CaseOh's new marketing strategies in The house always wins,27,20-29s,3193,57,4,58,10,0.0,False,True,False,17.852
s1H3mkd88G4,https://www.youtube.com/shorts/s1H3mkd88G4,2026-05-26,85,True,CaseOh gets eaten by a creature bigger than him,20,20-29s,1056,22,,47,9,0.0,False,False,False,20.833
nFzUTm64u-0,https://www.youtube.com/shorts/nFzUTm64u-0,2026-05-26,85,True,CaseOh is charging crazy prices at the Case Ino....,40,30-60s,12633,462,14,51,9,0.0,False,False,True,36.571
epxeTnpLSwY,https://www.youtube.com/shorts/epxeTnpLSwY,2026-05-26,85,True,CaseOh’s best moments in the house always wins!!,55,30-60s,18571,872,10,48,9,0.0,False,True,False,46.955
UTL7yicEmno,https://www.youtube.com/shorts/UTL7yicEmno,2026-05-26,85,True,Bro just dumped trashed right in his face,7,0-9s,2147,36,2,41,8,0.0,False,False,False,16.768
OO6lvHynF-4,https://www.youtube.com/shorts/OO6lvHynF-4,2026-05-26,85,True,CASEOH ranks FOOD again!,80,30-60s,3585,49,7,24,4,0.5,False,False,False,13.668
GvENQVZU0RE,https://www.youtube.com/shorts/GvENQVZU0RE,2026-05-26,85,True,Caseoh is disappointed in his new Business,37,30-60s,6796,160,2,42,7,0.0,False,False,False,23.543
4zmA3Kp95iE,https://www.youtube.com/shorts/4zmA3Kp95iE,2026-05-26,85,True,Caseoh gets weirded out by a fan in roblox,21,20-29s,2810,27,1,42,9,0.0,False,False,False,9.609
WXAPn-2smpA,https://www.youtube.com/shorts/WXAPn-2smpA,2026-05-25,86,True,Top 3 Caseoh Moments of this month 🔥,65,30-60s,1269,38,4,36,7,0.0,False,False,True,29.945
5eUxIb39bTo,https://www.youtube.com/shorts/5eUxIb39bTo,2026-05-25,86,True,🔥CASEOH DOING FREESTYLE RAP🔥  #caseoh,38,30-60s,1671,36,8,28,4,1.0,False,False,False,21.544
fRx9BCwtvGQ,https://www.youtube.com/shorts/fRx9BCwtvGQ,2026-05-23,88,True,Caseoh's last expedition in Expedition Antarctica Roblox!,25,20-29s,2431,28,8,57,8,0.0,False,False,False,11.518
TTWcOSfXk7c,https://www.youtube.com/shorts/TTWcOSfXk7c,2026-05-23,88,True,Case hits a 7 KO in roblox #caseoh,32,30-60s,223,10,4,26,7,0.1667,False,False,False,44.843
ge4xUh0C56w,https://www.youtube.com/shorts/ge4xUh0C56w,2026-05-22,89,True,That was CREEPY,6,0-9s,34,3,1,15,3,0.3333,False,False,True,88.235
OyFWpQIK7fw,https://www.youtube.com/shorts/OyFWpQIK7fw,2026-05-22,89,True,How spooky time be at Caseohs  #caseoh,23,20-29s,15,1,,29,6,0.0,False,False,False,66.667
HJhhJAZ2VhA,https://www.youtube.com/shorts/HJhhJAZ2VhA,2026-05-22,89,True,CASEOH and JYNXZI get eaten in Subnautica 2!!!!,36,30-60s,38,3,,47,8,0.2857,False,False,False,78.947
8Mp7scfvWs8,https://www.youtube.com/shorts/8Mp7scfvWs8,2026-05-22,89,True,Caseoh gets eaten by fish in Subnautica 2 #caseoh #jynxzi #subnautica2,24,20-29s,44,3,,41,8,0.0,False,False,False,68.182
